id,first_name,last_name,birthday,profileColor,email,creditCardNumber,creditCardType
a71dc8fd-f3cb-4b0a-9f69-b6263eaeec69,Jack,Graham,2009-01-10,#f3a906,,,
9b244262-4dd1-43f0-b742-e42a0a428a6e,Roy,Evans,1969-08-21,#71f661,revans1@mysql.com,4405246354606131,Other
246ce707-f11c-4016-adce-67f56bfad56b,Annie,Stanley,1916-05-25,#6c142a,astanley2@vimeo.com,5108754446340939,Discover
9187feaa-6a78-4fcd-9bd2-bfef527e4410,Louis,Harrison,1962-01-02,#13bb8f,lharrison3@woothemes.com,5472274783172397,Discover
f7d0a892-6f93-4eb6-93eb-f6081516e332,Clarence,Daniels,1975-11-13,#829234,cdaniels4@google.ru,3586067261166941,American Express
60391fcb-9e4a-4b47-9809-18ab4229cc74,Wanda,Peterson,1927-03-28,#f331aa,wpeterson5@livejournal.com,5517480973411670,American Express
628c9ea4-0ea1-4bbf-a0ea-b0403bc7688f,Harry,Brooks,1928-05-08,#509114,hbrooks6@statcounter.com,,
a60a72bb-f86c-4795-860c-473a62cc7918,Rebecca,King,1917-11-21,#906b5f,rking7@blogtalkradio.com,3534328999393444,Visa
57fcfe52-4093-4a2e-b084-37458a772437,Ruby,Perez,1965-06-01,#531b9f,rperez8@miibeian.gov.cn,3540526959528832,Discover
a8d7b951-9733-476a-abbc-9e9816040609,Peter,Flores,1914-09-13,#e618bd,pflores9@squidoo.com,676750156834355090,Discover
b6cb4121-ae4e-4495-9876-5d24f3ca3554,Ronald,Wheeler,1957-06-14,#e75a8b,rwheelera@networksolutions.com,6709283905204981,Other
bbcdae52-cd74-42df-a7dd-28fd5cabe83e,Ann,Nguyen,1944-12-28,#cb4562,anguyenb@1und1.de,,
a07ff71a-dd1c-4b21-ad20-472392e0149c,Theresa,Johnston,1993-09-27,#dd5fa7,tjohnstonc@loc.gov,4014539453081,Other
2d82c940-f4a6-415b-9ffb-609924cfc0f0,Brian,Bishop,1937-08-13,#7f308a,bbishopd@histats.com,30384846061374,Other
5f085a4e-7e03-48dc-96e9-9ac8af6ab399,Steven,George,1973-02-13,#2f723c,sgeorgee@discuz.net,,
15f75b7f-7b23-4819-b7df-6962a6985018,Patricia,Moreno,1968-02-18,#c41118,pmorenof@google.nl,4508267531736142,Other
33ed3e8e-c73d-4075-b50e-98f938e45cc1,Eric,Moreno,1967-05-02,#b3056a,emorenog@google.it,3559211528485503,American Express
2c25d84d-cb87-4360-8d26-a43bd56a8dfc,Sarah,Kelley,1982-09-30,#905ac3,skelleyh@ocn.ne.jp,3585696865473872,MasterCard
e75ccaf6-badf-484d-9ec5-b068f4a620a3,Adam,Campbell,1988-04-26,#269e5b,acampbelli@g.co,,
9e489491-1c08-48ec-88b5-871aa141db70,Maria,Gardner,1984-02-07,#9d5489,mgardnerj@springer.com,30336262544705,American Express
c3aba131-c5c2-4e46-81a8-3122a9b800b6,Billy,Vasquez,1935-03-12,#2f0fef,bvasquezk@wordpress.com,6767470798582468953,Discover
24f76fa8-066b-4bea-ab29-1a788c76f908,Amy,Henderson,1947-08-18,#0ec70f,ahendersonl@narod.ru,3559051562427809,MasterCard
b3dad7ca-7633-4c41-a905-88957a86a044,Louis,Perry,1995-12-15,#3887e4,lperrym@fda.gov,3562665949354355,MasterCard
bb4f7b5b-2fc8-495f-ab20-b20fe4bad523,Joe,Carr,1960-02-10,#b05c45,jcarrn@apache.org,6331108551963056169,Discover
63bcaf2d-30df-4693-9900-d2365478236a,Adam,Fernandez,1927-08-23,#e6632e,afernandezo@dion.ne.jp,3571014281664411,Discover
e06c934c-847c-4557-8256-0975377a3998,Angela,Dixon,1930-10-16,#c8ad45,adixonp@bigcartel.com,3538475594697111,Visa
1cd74595-38d6-4eb7-a478-17166154f940,Sara,Ruiz,1992-02-14,#03d075,sruizq@craigslist.org,,
4f09473e-2feb-4a30-b21a-7aca9528569e,Jeremy,Perry,1996-12-26,#ba2ac0,jperryr@twitter.com,5368340706318487,MasterCard
b62113c2-c5ba-4071-bab7-c1b506c47490,Diane,Watkins,1932-05-19,#ebca46,dwatkinss@ihg.com,30104014306694,MasterCard
1ee74d78-6a3b-457f-8277-0cb5d3bc89a4,Matthew,Dean,1910-08-01,#797c80,mdeant@e-recht24.de,3538835710884754,MasterCard
2c6255e4-400e-41e3-a47c-ae104a3e3af0,Chris,Elliott,1974-07-24,#3d1791,celliottu@telegraph.co.uk,4900790834920,MasterCard
c57603a2-4fe6-4ccb-8194-4163424f360d,Clarence,Rogers,1936-05-11,#6471fe,crogersv@miitbeian.gov.cn,4913845112792243,Discover
fef15bd1-74aa-4aa5-9390-27c806582be9,Helen,Coleman,1911-10-21,#21c83b,hcolemanw@unicef.org,,
5170a527-7bfb-46a8-bca9-4b4ba135d5ae,Jacqueline,Fields,1974-08-19,#20f318,jfieldsx@behance.net,675993634759746286,American Express
de715c70-fd06-402a-99b5-28af48f368da,Donna,Weaver,1921-09-20,#035e76,dweavery@cocolog-nifty.com,4905250063312416,American Express
7125d79f-4335-41a4-b2cc-6a3a617fd47f,Randy,Brown,1970-11-16,#e3d51b,rbrownz@ed.gov,201504196837585,American Express
3f89ea82-47e4-4598-b214-6aa81f21dd7c,Henry,Harvey,1949-01-25,#ab6266,hharvey10@myspace.com,676103901101973370,MasterCard
b926deca-4a46-4961-bc8b-7e67314bf639,Craig,Sims,1959-03-04,#99646f,csims11@redcross.org,5048379797502441,Discover
b71254dc-c1a5-4570-b698-79ed6b808cb7,Nicole,Thompson,2003-06-28,#513c69,nthompson12@surveymonkey.com,4905764533771910,American Express
59a44aa7-3a31-4d78-94c5-368569ac45df,Jose,Hicks,1999-05-06,#4239dc,jhicks13@mayoclinic.com,6304646161579826,American Express
f9fed955-7fae-451d-8bf0-277193c1834b,Todd,Lane,1913-01-25,#c79d9f,tlane14@printfriendly.com,,
2e93dca5-c3de-4fe8-b55b-2e25c5bcd356,Dennis,Griffin,1927-01-20,#e7de03,dgriffin15@nydailynews.com,3565793698814390,American Express
d94a3937-37cb-44ef-b5c0-9337dfcade97,Teresa,Mccoy,1997-08-17,#1978d3,tmccoy16@bloglovin.com,5893354685553982003,MasterCard
d27663b0-5868-447c-a1a9-9c31c03ab461,Lillian,Hernandez,1990-03-23,#e23489,lhernandez17@cdc.gov,3557047027471657,MasterCard
bfa00373-d2e2-4634-8c97-356a76a9c867,Lois,Reid,2008-01-23,#84b677,,,
19606ffd-4144-4a1a-b508-29eb32dc5f78,Bonnie,Lopez,1943-03-07,#d4ee63,blopez19@slate.com,3551023069488004,Visa
180af363-d877-403a-bc49-7f21e81994f0,Jeremy,Hawkins,1927-06-12,#4bfd5e,jhawkins1a@house.gov,3528890857031588,American Express
71ef008e-948a-4fc1-84c2-2d30c2c03b48,Shawn,Montgomery,1965-07-02,#ab59c8,smontgomery1b@qq.com,4175008725041069,Visa
ef998392-e517-40bb-8c4b-f8111944a557,Charles,Miller,1957-11-28,#f63308,cmiller1c@marriott.com,56022542005840704,Visa
dfc082bf-f5f3-4f62-9e6c-1d94f19261f8,Steven,Holmes,1919-03-31,#2fcc6a,sholmes1d@amazon.co.uk,3539867555873286,American Express
390c03fb-86e8-452a-9be3-ee8edd25ed3e,Michelle,Gibson,1952-08-26,#bfeb25,mgibson1e@networkadvertising.org,,
82634385-6dcf-4f93-98ef-3089e5224a9c,Christina,Anderson,1998-07-27,#cf059d,canderson1f@imgur.com,,
f4dce9ae-1a97-48a0-920c-ca4402dfca93,Tammy,Porter,1959-05-19,#0aa931,tporter1g@networksolutions.com,676796261857236650,Other
7cf9ca1a-81a4-4339-9a7d-be862435bf31,Arthur,Hill,1943-08-29,#c344e8,ahill1h@slashdot.org,3589249710328713,Other
d58e1ec4-d3a1-4907-8dbf-e0bf859405ce,Elizabeth,Hill,1944-06-13,#5cbf5f,ehill1i@blog.com,490514220567345026,Visa
4534ec92-7a3e-4f8b-8d48-c487a987ed86,Carolyn,Moore,2001-09-18,#b07f7d,cmoore1j@epa.gov,5442634890462451,Other
31b995bf-4e44-407e-9e48-af03494b615c,Henry,Schmidt,1915-08-28,#3ec030,hschmidt1k@networksolutions.com,3568164811118084,MasterCard
48f3f00f-7e5f-4a71-ae6b-2d3e839135f1,Pamela,Watson,2009-01-03,#6599d5,,,
8aa9b7ae-b75f-4126-98b8-1386d3b8411c,Lawrence,Green,1931-09-05,#76e77c,lgreen1m@latimes.com,30412841071153,Visa
0fe82f57-aae7-4e20-8425-64ab5d58fce7,Howard,Ramirez,1924-03-15,#63abd3,hramirez1n@ycombinator.com,3538992638902554,Other
480b603b-e258-4973-af9e-dcfc34a1c495,Ann,Ramirez,1975-09-21,#6a1bd1,aramirez1o@upenn.edu,4041599649655218,Discover
af5340e5-038b-4240-bb96-9d97d7ae281b,Tammy,Vasquez,1929-02-17,#2e32a0,tvasquez1p@tuttocitta.it,3579782107849976,Other
33cdf254-efda-4b91-8f79-f17fbe7ba88f,Ronald,Fernandez,1950-01-07,#30fbd6,rfernandez1q@simplemachines.org,561068685470196468,Discover
40add9bc-549b-4857-85c5-5efb2aa00da3,Henry,Duncan,1949-10-05,#f3596f,hduncan1r@ftc.gov,3528283557176194,Visa
74ff03af-b8c8-4765-ade0-dd3ff295e010,Kevin,Morris,1995-08-02,#1e8b17,kmorris1s@ucoz.ru,,
e9bbe7e0-a82f-4168-9727-2fb9307f7c23,Amy,Turner,1946-10-24,#c8eb77,aturner1t@gmpg.org,,
0e7a2ad1-a2ac-4422-bdef-e9fb617ee9b5,Philip,Gray,1941-06-18,#4f9cb8,pgray1u@latimes.com,6759107735229615669,Visa
588f7faa-e5dd-46a0-9686-c937d44407ed,Bruce,Griffin,1986-11-12,#601db7,bgriffin1v@hostgator.com,3543108431780948,Discover
57e5ca12-c9ad-42fc-a957-b5d03895d659,Larry,Chapman,1953-11-19,#7f9468,lchapman1w@google.ru,4917763881582636,Visa
2bbc16e8-074a-469b-aef2-58d018dc0e68,Nicole,Henderson,1948-02-07,#cccbac,nhenderson1x@kickstarter.com,,
0a041623-d69c-4095-8132-00b5358abdee,Michael,Powell,1938-07-14,#d9a8f7,mpowell1y@jalbum.net,,
401ebc54-7ea4-4e3c-a120-c8e92bed8475,Judy,Reynolds,1944-07-28,#4ac608,jreynolds1z@nbcnews.com,3528230204281612,Other
b5af25e1-40a4-416c-9961-e6c5370cd763,Judith,Peterson,1918-10-17,#f918b8,jpeterson20@economist.com,4844511014908352,Discover
2ea01f61-b65b-41ba-8e58-e7993c13bb35,Gerald,Sanders,1923-08-28,#f373d6,gsanders21@census.gov,,
fe1341ba-94ff-4c5a-82ab-92c2ec176414,Alice,Berry,1917-08-03,#5f64cd,aberry22@flavors.me,30126025209161,MasterCard
92e2a36c-dfd0-462d-bdd3-8a831a8b483c,Albert,Dixon,1966-04-19,#cccdfd,adixon23@about.com,3537417257398935,Visa
dbbf1df1-bc90-4ba1-abd9-bdc5268aa948,Carolyn,Richards,1950-06-01,#38430c,crichards24@weibo.com,30395630186144,American Express
33a43de2-aaa8-4033-8719-9395ebc86991,Norma,Collins,2006-01-23,#ef432f,,,
841ea402-29e4-4bec-b55b-0f23cf3cbe2b,Gloria,Ray,1981-10-13,#4061ef,gray26@smugmug.com,5487780268533567,Visa
35637b5a-e1f9-419b-a876-5af380c27a16,Rebecca,Cox,1951-09-20,#d6e2ea,rcox27@linkedin.com,3562537205788156,MasterCard
387c739c-9cdf-4be3-bfa4-463f974a84ff,Randy,Day,1999-06-03,#fc28d5,rday28@gravatar.com,372301407379918,American Express
b1b23636-4ed0-4ae8-8c27-1c97ff4cfd97,Christina,Mason,1966-03-02,#1d00ad,cmason29@squarespace.com,3569012410434114,American Express
25cbb136-571a-4cba-9947-81f1cc4f3e32,Albert,Jacobs,1976-10-19,#212d77,ajacobs2a@ed.gov,3533741934388066,Visa
930992c9-3259-44a6-b1bf-37a46f8046fb,Jerry,Fernandez,1914-01-26,#446468,jfernandez2b@blogtalkradio.com,3541125016607280,Other
fa815998-9b00-4cff-b55c-d1e1037805d2,Joe,Myers,1940-02-08,#f45895,jmyers2c@flavors.me,3580994463262374,Other
2560a18c-5d6c-4102-815a-57e1f21fd395,Sara,Fuller,1974-01-20,#1ceca3,sfuller2d@naver.com,3582591647557113,Discover
21b2df18-4186-4a52-9e50-b137e5f26c44,Jonathan,Weaver,1921-08-21,#93e6ac,jweaver2e@a8.net,30445015107320,Other
26344917-ba4e-4488-ac98-b15542603ab6,Ruby,Carroll,1925-05-24,#cfcef1,rcarroll2f@nytimes.com,3554901912224808,MasterCard
360b656d-c4ba-40a2-875e-62ee6a47851d,Phyllis,Hawkins,2008-09-28,#f6104f,,,
d645e42d-7670-4ab4-bc46-bb3fc08c362b,Doris,Knight,1998-08-22,#72dd46,dknight2h@google.it,4913801240872225,Discover
de136d9c-b945-409a-a8dd-11da2ed7740e,Justin,Jacobs,1952-09-28,#5b60b0,jjacobs2i@adobe.com,060432212383437574,Discover
5b113a1f-e77e-47b8-8df3-98c81ef4581e,Todd,Smith,1992-10-06,#de9e05,tsmith2j@reference.com,6333358637062800,Visa
106c07d2-c3d3-4a22-a4d5-63dd91411cf2,Catherine,Spencer,1926-03-20,#3fc680,cspencer2k@surveymonkey.com,67634125961262571,Other
fad036dd-701b-41ee-9aa5-13d37a9282cb,Cheryl,Long,1987-04-02,#5dd527,clong2l@163.com,5100172038624156,MasterCard
d5ab7c60-e09e-42f2-88df-af88fe07efae,Earl,Knight,1991-10-11,#339e9d,eknight2m@canalblog.com,3546042719243484,Other
2e91d348-6007-42ea-b1c0-d166d1b67fdb,Roy,Hansen,1968-10-04,#b5127b,rhansen2n@sciencedirect.com,30099109674396,Other
bbacdc6a-e82f-40c5-a5dc-9f0d38250d88,Michael,Johnson,1955-06-23,#d6f1fe,mjohnson2o@amazon.de,,
551753e2-267b-42e2-b4d4-a5d9f8a84516,Doris,Ferguson,1983-05-30,#407370,dferguson2p@skyrock.com,3583815438698243,American Express
d693bc42-bfc3-46e2-9c34-92b8779870cd,Kelly,Harper,1923-04-15,#07b9cd,kharper2q@etsy.com,,
5f60a056-b5a2-4f71-8662-4ea8903a4433,Marie,Barnes,1943-05-21,#8e514c,mbarnes2r@marketwatch.com,4917178771985924,Other
fb504f79-688d-42df-8e4b-68b0ba5fe9cb,Marilyn,Mitchell,1948-12-10,#430754,mmitchell2s@netvibes.com,,
5b505f99-4287-4155-8bb1-7eb3b32616a4,Doris,Wells,1939-08-12,#de4aca,dwells2t@hexun.com,67628157290339000,Visa
a0ab0b37-31de-451b-972c-77a63e57573b,Tammy,Bishop,1920-02-18,#59f79e,tbishop2u@japanpost.jp,5602241682967055,MasterCard
f4b92084-6a48-4591-8cf3-09c470a1f61d,Judith,Kennedy,1910-05-13,#a607e8,jkennedy2v@google.ca,3587489365125996,American Express
413bd90e-7b1f-4678-a53b-1639211efdb0,Donald,Adams,1977-09-09,#a13528,dadams2w@privacy.gov.au,3536859177618903,Discover
0c2dae18-e590-4e56-bdd9-d2371feeead5,Tina,Cunningham,1963-05-06,#243d28,tcunningham2x@meetup.com,30567833900857,American Express
3a349202-d30f-4901-8911-0e68e148c000,Debra,Moreno,1993-06-09,#0c0aa7,dmoreno2y@walmart.com,3552955492654158,Other
d9bdebc1-4728-4a00-96f7-c80e11bd4ef5,George,Long,1970-07-14,#e5faf4,glong2z@gravatar.com,4508118164739848,Visa
87ebf5cd-f0c0-4383-bf22-046051af6828,Sharon,Gordon,1985-01-27,#813563,sgordon30@spotify.com,3534568341676448,Visa
e0e576ce-5256-4fc7-b827-337dec8cce43,Betty,Harper,1984-01-29,#756d28,bharper31@google.ru,3557077200238474,Visa
09719a01-08e6-4031-9ccd-696dfcb12da4,Lori,Foster,1913-09-26,#46a9d0,lfoster32@washington.edu,5602236540843233,Visa
8a234562-cb2d-4642-8663-a2680d62ad9c,Sara,Williamson,1997-01-21,#d45d2c,swilliamson33@seattletimes.com,3561729251538426,American Express
0dd8fc76-322d-48ad-911c-9ef476e8d52c,Judith,Gutierrez,1953-06-13,#ab6c25,jgutierrez34@google.com,,
3c12240d-c9ed-4512-a247-af57c3ad7240,Harold,Anderson,1961-06-28,#545f66,handerson35@bandcamp.com,36433203171906,Discover
2fe1aaa2-cb3f-429a-bb52-385b83f9b0f7,Marie,Peters,1988-09-03,#18a694,mpeters36@mapquest.com,3556528535073292,Visa
878b02b8-85ac-4ee7-ab58-361ef06d7621,Nicole,Wright,1994-05-12,#b39427,nwright37@cisco.com,374622494402398,Visa
64813091-f084-4650-817b-70cfe6cd3eb6,Albert,Bell,1911-12-16,#fea05a,abell38@icio.us,3584003789266014,Visa
92d89534-2b37-41b7-9aa3-92e674efa3c9,Larry,Lee,1924-12-22,#99679c,llee39@joomla.org,060446768012866644,Discover
46700e3a-be7e-439c-a7cd-0240816e72a8,Carlos,Williamson,1976-11-27,#2bd4c6,cwilliamson3a@ucoz.ru,560224265813424399,MasterCard
345cf6b4-3538-4fb3-9bae-64bdb85385be,Kelly,Roberts,1950-05-29,#ebbe13,kroberts3b@indiegogo.com,3530569531998190,Visa
995e34ba-b6bf-42f5-afd9-46e5bc66991c,Denise,White,1917-04-09,#0204ec,dwhite3c@sitemeter.com,374288043189892,Discover
ddb2757d-9d21-4caa-bcbc-d683ad06ca14,Patrick,Sullivan,1932-05-19,#0d3369,psullivan3d@dailymail.co.uk,,
97f3081a-05ba-40ad-a9d5-f3ae55f1ae47,Carolyn,Wheeler,2008-08-14,#2d32bd,,,
d6233f53-e565-4382-824b-9ed387975ec0,Russell,Hayes,1977-08-04,#c26c7a,rhayes3f@marketwatch.com,3547583555712867,Visa
e35db492-aa11-4d7b-8e83-d4959b8ac6e3,Louise,Dixon,1951-10-27,#83285f,ldixon3g@umn.edu,3557935504812148,American Express
ddf18472-97c1-4763-b57f-57ddad32cdb4,Ashley,Johnston,1920-12-08,#a4646e,ajohnston3h@hubpages.com,4232468549516566,MasterCard
862103a8-cb7e-4030-9900-ec115c6e1870,Amanda,Allen,1981-10-26,#59852b,aallen3i@cocolog-nifty.com,3549138988687471,MasterCard
f567fd00-e953-497d-b8cc-3a54b09d7f42,Roy,Stewart,1957-02-14,#a6247c,rstewart3j@apple.com,4844860679098888,Discover
7b7665c0-1c14-420b-821c-c2730ca1acfe,Kathryn,Hamilton,1973-09-22,#fe249a,khamilton3k@jalbum.net,3537292500973176,Other
a1631060-9061-4c44-af9d-b98f8c326f8f,Douglas,Rogers,2002-10-16,#2e8c19,drogers3l@pinterest.com,201833951621169,Other
e3ceee31-d12c-48d7-afb1-12bec356a887,Phillip,Morrison,1926-08-15,#5da589,pmorrison3m@xinhuanet.com,3543641426391495,Visa
57ad0702-1b63-451b-8117-ec0b0c1d40b4,Donna,Arnold,1913-02-17,#b4551a,darnold3n@myspace.com,3584939781021545,Discover
51f3c904-1aa7-45a0-ae7e-931ef80711ff,Joan,Nelson,1997-05-06,#92feb2,jnelson3o@illinois.edu,3577719332323197,Other
610ae3a6-10bf-4e6d-a4d9-a161180111ab,Deborah,Bryant,1979-07-20,#dd77e2,dbryant3p@omniture.com,4917925243025469,Discover
fce01d93-e032-44fe-98cf-5d482339e381,Benjamin,Garrett,1912-06-30,#65d438,bgarrett3q@usa.gov,3543843361624332,American Express
cfce68de-4735-4a0c-a2c6-3c4370d161aa,Victor,Morris,2009-05-20,#2a7fec,,,
3e6976d5-2235-449d-b160-f938b4d0492d,Joseph,Reyes,1983-06-12,#5ce6fa,jreyes3s@tinypic.com,4041372029397,Other
39e9acb4-096d-4a3d-809c-73e6916bf048,Ernest,Henderson,1923-07-07,#5c4db1,ehenderson3t@newyorker.com,,
c5f9535a-37df-4b6a-a38c-4d0b6d753dba,Theresa,Pierce,1911-02-08,#69a7cb,tpierce3u@arizona.edu,3585807242110794,Discover
39756751-2265-42e6-b8e8-1e5ed4c0ac50,Amanda,Owens,1994-06-17,#a8c1c5,aowens3v@admin.ch,3584571072120734,Other
d045ecb5-912a-4172-a977-b78e5fa8b32b,Larry,Murray,1935-10-09,#58ca79,lmurray3w@alexa.com,201838279850861,Visa
7b00c2c7-ae90-4c18-877b-0d33270f9367,Catherine,Larson,1975-11-09,#904606,clarson3x@webeden.co.uk,,
438bc37a-74a3-4cce-ab51-4b3c9605044e,Karen,Duncan,1982-12-23,#60fd2f,kduncan3y@123-reg.co.uk,,
39470e55-5626-4a95-8aa7-d7d0262f1c9e,Matthew,Garcia,1966-12-15,#b15d2e,mgarcia3z@comcast.net,3582208789988069,Visa
8aa8a89a-a070-473f-b5f9-ce89f8745432,Brian,Garza,1982-02-08,#f08f77,bgarza40@ted.com,201887350189657,American Express
f2ddd89a-db32-4f87-8b41-81b8fd2f2f88,Benjamin,Robinson,1991-04-29,#493573,brobinson41@yellowpages.com,675947722588417679,Visa
6475fe72-2d23-44aa-9c26-e56428746a50,Howard,Hunter,1913-04-19,#7926b5,hhunter42@blogspot.com,5602240699312826,Visa
a7c9ec0e-0b1e-4bdc-882d-e3f2f12bd260,Joe,Marshall,1993-03-08,#fba78d,jmarshall43@usatoday.com,5893200390294697,Other
30bb8f0e-42f9-4342-8c07-d30f46dfdc39,Michael,Young,1956-06-03,#3d4d1e,myoung44@google.es,3574912045687742,American Express
899d35cf-7bd7-4225-baf6-e647b7120547,Patrick,Fuller,1944-06-15,#d726e9,pfuller45@etsy.com,3543161045362538,Other
3c8f667e-3aaf-4bdf-b481-175da0ad8d20,Harry,Bennett,1977-11-18,#79d13e,hbennett46@weibo.com,6767598251191329,MasterCard
e702c1da-a107-4e5f-9ed2-e4ea0cb007dc,Carol,Richardson,1926-03-03,#18fee5,crichardson47@dailymail.co.uk,6383529309542621,Discover
b0c6873e-2af1-4a55-841b-20427dd45de4,Angela,Dixon,1935-04-22,#2d6aaa,adixon48@geocities.com,63043746443464834,Other
f8dc7f77-dab3-41e8-8901-6c93f1a108a6,Margaret,Fowler,1996-07-22,#fdacf2,mfowler49@blogspot.com,3554300316761541,Discover
4e6cd135-b4d9-4cf7-be5e-7e3598233513,Carolyn,Romero,1923-07-12,#cd8d1a,cromero4a@cmu.edu,4041375793916,Visa
7f4492d5-5cff-484b-bd28-bf8e6060ec5e,Anne,Ortiz,1966-04-09,#947c08,aortiz4b@usnews.com,3539653452962194,Discover
b2f46684-61a9-4b57-9ac0-5ade21bbb841,Martin,Hudson,1943-03-18,#ccaff9,mhudson4c@hatena.ne.jp,,
70c004d8-426b-492a-86c2-ae3613af275b,Stephen,Stewart,1978-08-08,#a9dbcf,sstewart4d@gov.uk,5116409604804024,Visa
8347838c-4e3a-4013-8641-f5c66a7c2078,Rachel,Fernandez,1931-12-27,#0a509e,rfernandez4e@phpbb.com,501835384934568169,Other
99d3baaa-e0ca-49a9-802d-a593e098c51b,Donald,Marshall,2006-07-19,#ead832,,,
7107afc3-138f-4b9b-9747-4884c5bf00a4,Rose,Graham,1912-05-05,#8c4e88,rgraham4g@skype.com,3581369975382649,MasterCard
1494eba6-cb2d-445d-9560-5b6bac1ae280,Walter,Garrett,1927-04-17,#d1a78b,wgarrett4h@who.int,,
2089da0d-7a42-440c-8fc8-393f8764f829,Louise,Gonzalez,1943-10-18,#a27257,lgonzalez4i@deliciousdays.com,,
8233961a-30dd-4674-931f-3d4b4649e6e8,Brenda,Fields,1949-06-06,#0186e1,bfields4j@jalbum.net,491158324618813716,Discover
90e2c09a-2327-40e3-9e6d-28576e679f69,Christopher,Harper,1961-03-17,#a8da26,charper4k@sogou.com,67716560977868113,MasterCard
cf69bd3e-87f4-466d-b2d9-d9ee088fdb87,Alan,Pierce,1972-06-21,#7cce5e,apierce4l@bluehost.com,3557272280270162,American Express
d2e9459b-6318-49c5-bcbf-a7dc19057a1a,Pamela,Nichols,1961-12-19,#e468d8,pnichols4m@irs.gov,3575239533615020,Discover
4ce8e9d6-a42e-479f-a034-589292c65e6d,Patrick,Hudson,1992-03-12,#79bbbe,phudson4n@twitpic.com,3585821721181440,Other
8bdcf6d9-50eb-4f3b-8878-d279cb3915d4,Donna,Howell,1953-06-08,#66e994,dhowell4o@reverbnation.com,3532493091566875,MasterCard
8aa07adb-21af-4ec5-8f8a-8050d6a5b28e,Gregory,Bradley,1965-08-24,#cb9606,gbradley4p@goo.ne.jp,,
c6960f86-0e39-4536-86cd-067b0acf8787,Wanda,Welch,1980-05-19,#2d07e9,wwelch4q@sitemeter.com,4905414963721656382,Discover
fdcaedf9-9a0c-41d9-a9ce-7dd81bc5dbfb,Philip,Harper,1941-11-24,#a4c257,pharper4r@cnn.com,30231443997411,American Express
a852e434-46c1-4d08-8e93-1124264daa47,Sara,Jenkins,1952-01-25,#3dc6b0,sjenkins4s@1688.com,,
b14690a5-551d-4ef5-b3ea-bf99304108f3,Lawrence,Green,1945-02-05,#4304dc,lgreen4t@eventbrite.com,5602238902633384,Visa
ec818886-c9d6-4f26-802f-94636fc5e853,Bruce,Bradley,1976-08-03,#58b0d3,bbradley4u@army.mil,3533888313516591,American Express
de33db48-d57a-426a-ab9c-d6e7638c72ca,Janice,Harris,1982-06-15,#c66c19,jharris4v@timesonline.co.uk,5465388271127579,American Express
d316c525-a3bd-404f-a690-bb0e5182c44f,John,Fields,1976-06-07,#8d8de6,jfields4w@ucsd.edu,5602230936707792896,Visa
cce2dcca-3b0d-4a01-ab20-c176c445ce42,Lois,Barnes,2003-06-16,#aab089,lbarnes4x@zimbio.com,4041593378516,American Express
cf0b7cc1-db1e-476d-a2f9-b1c55ce02962,Gerald,Hart,1918-01-03,#6c3f71,ghart4y@nature.com,,
1d7823ba-a0fe-45e8-9cdd-04e71139e85b,Antonio,Sanders,1999-07-11,#b78a61,asanders4z@cnn.com,676106475783686680,MasterCard
8a7916e5-ba5a-4292-8020-2c0e2306b251,Alice,Perez,1936-08-07,#7b50ff,aperez50@netscape.com,201474683119147,Discover
248ac032-6617-4e0d-abf4-70414ed663e2,Lisa,Payne,1913-08-16,#11058c,lpayne51@sitemeter.com,3588748918035302,Discover
8e989ec4-c6c0-4e12-88d9-a97a5a01e81f,Patrick,Andrews,1918-10-17,#e6e4fb,pandrews52@businessinsider.com,490363005256440499,Other
82426005-84c0-461c-bf4c-60cf7f52809a,Kathryn,Gibson,1954-09-29,#b6a57a,kgibson53@ezinearticles.com,3568182597211212,Discover
188214c8-5ce7-4688-a8c5-7d1c734351b2,Marilyn,Jackson,1936-05-22,#b8ed90,mjackson54@wikimedia.org,3532866466627481,American Express
c3286d69-f163-4dd1-b352-4589e9dd0747,Marie,Austin,1955-05-01,#e8a319,maustin55@theguardian.com,3552544463331457,Visa
97c86829-9784-470e-846e-ed324b6983e9,Cynthia,Kennedy,1997-05-18,#3cc740,ckennedy56@yellowbook.com,6382836328919651,MasterCard
2228cd64-ce6d-4f89-8593-0d4d05602954,Janet,Hughes,1939-02-25,#5fe372,jhughes57@ovh.net,3559698419470224,American Express
e5387ee5-6faf-49f6-a57b-b908269c5450,Ernest,Larson,1956-10-18,#cc7cd9,elarson58@dot.gov,3556557816070982,Other
3824c0f7-99c0-4491-a647-1acbe2ca565f,Elizabeth,Hicks,1936-11-04,#8ec950,ehicks59@pinterest.com,5505493326557085,American Express
da7774b5-9f71-4c16-acaf-05308bc6766d,Betty,Roberts,1910-06-17,#d55c1f,broberts5a@netvibes.com,3555000460092680,MasterCard
fc89bf49-a31f-41c1-aa6e-3dae56421447,Christine,Gonzales,1969-08-31,#e9f2f5,cgonzales5b@pagesperso-orange.fr,5505168104005404,Visa
71277c43-e330-4b6a-87c3-8d9363da8823,Joseph,Robinson,2005-10-16,#5547e7,,,
f4d057e2-de64-414c-9690-1808b94b9a50,William,Cooper,1934-09-30,#a2318a,wcooper5d@blinklist.com,6762958436390347687,Discover
a09d4fe1-82b1-4641-9257-8064815753de,Bruce,Morgan,1954-10-05,#62aed6,bmorgan5e@rediff.com,4017954964995,Discover
85c97f02-8a08-44dd-8957-289679125480,Billy,Howard,1981-09-18,#8fcd94,bhoward5f@xrea.com,201866063092804,Discover
a21c38e3-7198-48f6-bc97-9046f4ce2532,Diane,Elliott,1936-05-08,#f89b81,delliott5g@zimbio.com,5599041835411661,Other
d61ca588-8e73-46d2-a9df-f00acdb8ead7,Wanda,Harvey,1949-07-28,#f6b89c,wharvey5h@thetimes.co.uk,3568756994840283,American Express
1c3c4a3b-8af7-46cc-8ea2-355efc9c6da7,Sarah,Reynolds,2005-09-13,#c39f32,,,
40e7ba1b-872f-4aff-842e-ab2a65424598,Marilyn,Riley,1975-05-19,#a746c1,mriley5j@blog.com,30585150766206,Visa
466405a6-685d-49a5-9d0d-3c8b4d07a3a1,Laura,Olson,1953-04-14,#ba1e0f,lolson5k@dot.gov,,
8a0a4fa1-22f2-4a0f-8f2d-fdbfee25b248,Kenneth,Green,1998-12-07,#742ebc,kgreen5l@webs.com,374622743938416,Visa
75111aa3-4ef9-4ff4-b196-caf6c50436b7,Willie,Wood,1962-04-19,#a45dfa,wwood5m@examiner.com,676749927360796764,MasterCard
0e9f43a2-e21b-4145-9dbd-d6d7ddc565e0,Carolyn,Montgomery,2010-11-08,#6782ba,,,
0181fd24-6795-491d-ab33-de5b9d427d37,Christine,Hawkins,1950-09-06,#9ddf77,chawkins5o@lulu.com,3583058748745699,Discover
59386b7d-769f-4253-8e45-ac48e37becb9,Earl,Reyes,1920-08-18,#39077c,ereyes5p@cargocollective.com,5002358377381610,MasterCard
8a59bf17-571d-43d8-bb04-f48d1b142817,Emily,Peters,1927-04-01,#ac9179,epeters5q@vkontakte.ru,,
a23aabb8-f088-4dd5-9188-c0eb27a34244,Carl,Gordon,1957-12-07,#23bbcf,cgordon5r@cafepress.com,4017952751733,Other
4d7e425a-844d-4ee0-bbd9-26203967f3fb,Adam,Rose,2005-11-06,#b9ed56,,,
9917a14a-1e44-4db1-a56e-2b4bfb5d68a0,Janice,Mills,1941-09-03,#91b13d,jmills5t@google.ca,,
4b5da0fc-0924-44e3-a19f-8b80b7571e63,Theresa,Reid,1939-08-09,#df9719,treid5u@harvard.edu,3549116556921753,Other
f5360466-a5f3-468f-a831-9e37b53e67c6,Jose,Gutierrez,1983-04-22,#f453b1,jgutierrez5v@wix.com,4041375596654862,MasterCard
bd3420aa-7a1f-49da-8033-a81c1a50c6d5,Lawrence,Richardson,1996-08-31,#93eb67,lrichardson5w@rambler.ru,3582458092139799,Discover
d68ca3b7-b53d-4b62-bb2e-5d1ffd9cc1ca,Barbara,Campbell,1923-03-03,#70b626,bcampbell5x@blinklist.com,,
ea9467f4-921f-439b-8d73-975006f69b12,Margaret,Banks,1990-06-06,#16a8c8,mbanks5y@indiatimes.com,56022322230669453,MasterCard
369e3e10-edcf-4213-a73b-5a2d742bd936,Benjamin,Schmidt,1946-03-05,#debee0,bschmidt5z@imdb.com,3553767176916301,Discover
27552f63-9dd0-4dda-9dfb-7429c59b4196,Elizabeth,Rivera,1959-11-11,#4dc6eb,erivera60@parallels.com,3546929942504015,American Express
4ed44a56-e427-427b-8614-126370e6bc28,Rebecca,Ortiz,1969-09-07,#f5d88a,rortiz61@gravatar.com,,
f7d2e49a-944e-4cd9-b22f-eb122b9bbd65,Todd,Frazier,1997-10-13,#15ec83,tfrazier62@cyberchimps.com,3529531279053359,American Express
9038b386-54bf-4161-ab0c-90c2696da203,Doris,Carter,2000-01-19,#4061f0,dcarter63@symantec.com,3537489835123580,Other
5ef11fe9-5e1d-4eb2-91fe-c0f2b8c42eb0,Emily,Roberts,1989-02-09,#9d3c15,eroberts64@nature.com,,
1bbfc7f7-1ca6-4a95-8bca-5de5d41ce094,Tina,Collins,1924-01-13,#aae898,tcollins65@fc2.com,5610752548349141597,Discover
364117a5-d65e-4044-a3b7-83497058c638,Rachel,Mills,1967-03-28,#aaed2c,rmills66@digg.com,3548670237090751,Discover
e3f5f894-9805-49b2-b07f-3073047ac3cf,Carlos,Boyd,1912-11-18,#71967e,cboyd67@parallels.com,3555149050838901,Other
b443e796-a147-4b99-8e5c-8b33f4233b5e,Sarah,Rice,1956-03-15,#335a68,srice68@statcounter.com,3530367945849632,MasterCard
3005516b-ae8c-4936-af17-f1196cc0440f,Alice,Mccoy,1944-09-21,#5e85fd,amccoy69@wired.com,30020367031244,MasterCard
c4bbd846-bd7b-433a-a75b-5d5ea13d6a48,Annie,Grant,1983-02-05,#295a2b,agrant6a@phpbb.com,490375528828967927,Visa
a8f9683c-4d3d-4100-899a-c6115467c260,Donna,Stevens,1990-07-02,#b53371,dstevens6b@java.com,5602242948695472,Other
d1ed0aab-e497-423b-9526-7e2391a22fed,Alan,Ryan,1998-11-23,#f31f66,aryan6c@noaa.gov,,
0296dd95-10f2-43da-ad84-daa1efe11b6b,Timothy,Washington,1965-08-15,#4a4df4,twashington6d@people.com.cn,3561139641846960,Other
22cab992-6dcd-41b5-8cf0-622687a9deba,Mildred,Armstrong,1984-12-09,#5dbdc0,marmstrong6e@state.gov,3554046653424942,American Express
cbf6011b-8c8b-47d7-858e-451bfe0523cb,Willie,Cole,1977-07-02,#8a34cb,wcole6f@yahoo.co.jp,,
bdd961c2-b897-4579-b685-b46a4474958f,Eugene,Mitchell,1913-03-12,#a3433d,emitchell6g@guardian.co.uk,5526598258651360,Visa
05b4f964-b35f-4028-b2be-f9d29a3f5768,Samuel,Stewart,1926-05-16,#753941,sstewart6h@facebook.com,4175004213599684,MasterCard
9fc60177-9784-4312-a124-600c476f83eb,Daniel,Barnes,1960-11-08,#ed9a0f,dbarnes6i@wp.com,3584579307994880,Other
cb39f6e7-1c78-4fe2-8c29-50fbe67caf97,Jason,James,1998-07-25,#38b070,jjames6j@constantcontact.com,3583838757817079,American Express
022f2792-120b-471e-960b-f740a6324825,Michelle,Ward,1948-10-25,#95e0e4,mward6k@home.pl,3568729056870241,MasterCard
254babba-8b7a-401c-8457-0b4357f53d79,Christopher,Henderson,1963-12-26,#dcb6a1,chenderson6l@mozilla.com,3530597051663811,Other
363f02b4-fb21-428f-9f82-85a4d7631e85,Kelly,Lewis,1952-04-24,#42689a,klewis6m@gravatar.com,3528704817385291,American Express
95586a7a-65d4-44fe-876d-8dac93dc7dac,Lois,Hanson,1996-02-26,#1d87e6,lhanson6n@ifeng.com,,
c0d27b6e-e169-475a-a4f1-d4ba976c8dbc,Cheryl,Gomez,1991-12-30,#73ddc3,cgomez6o@google.es,3561944633580117,MasterCard
28530d91-4909-4b10-afd9-66e4073ffb53,Carolyn,Henderson,1954-06-16,#6cbb65,chenderson6p@wikia.com,4041591483356763,American Express
29d6cdb9-6ff4-4b80-a5b1-1e8113c43cd5,Susan,Coleman,1985-05-22,#e52192,scoleman6q@oaic.gov.au,3577300416610765,Other
f9357ba6-a74f-4392-8703-cbbb1ca4608a,Dennis,Hayes,1955-12-19,#dff9f2,dhayes6r@amazon.co.uk,201652901589379,Other
3d72dc90-eee0-4782-9945-eb1692eb750f,Adam,West,1960-12-18,#fd4c55,awest6s@bigcartel.com,4041596851128355,Visa
6b007574-6f3d-435c-8721-04f33f30009c,Ashley,Bell,1925-02-16,#9f7785,abell6t@gizmodo.com,372301383587666,Visa
040d94e4-72f3-49a7-8205-f78c32f6e3d2,Angela,Hernandez,1924-08-10,#c52c35,ahernandez6u@ihg.com,3562431902644815,MasterCard
8b8dd578-b13d-4e2d-8195-87f52f0b0b8f,Emily,Rivera,2001-02-28,#95606a,erivera6v@cdc.gov,,
0e6f6e6a-c6a0-4b8f-89ef-a14f757d2250,Judy,Stone,1998-01-27,#12bda4,jstone6w@drupal.org,,
13c7cafe-bcf1-49f7-bc1c-197cdc92c33c,Carlos,Hill,1911-01-24,#dabd97,chill6x@amazon.co.uk,6767875346168227,Discover
fe5815e1-614f-4e9f-9a1b-29f4ba27f2c3,Ryan,Castillo,1915-01-24,#71eea3,rcastillo6y@comcast.net,3560599484633596,Discover
9adf7ffa-cbe7-41d2-8575-d1c06b747e51,Benjamin,Alexander,1951-03-07,#daaad1,balexander6z@sciencedaily.com,6304376371242800952,Other
22df1511-63c6-4a89-8d98-719b2f0dc840,Eric,Sullivan,1958-04-08,#7d160a,esullivan70@yelp.com,,
47a498d8-8946-477d-aca4-7ffa8d78dcc4,Henry,Fisher,1956-11-18,#f4892a,hfisher71@g.co,6771260405819081,American Express
27a9ed38-af28-4377-844d-71858b16532e,Melissa,Pierce,1920-07-21,#e4ff7c,mpierce72@ovh.net,,
e4454840-226b-41d1-b6dc-4691556dc3f3,Ryan,Hernandez,1994-02-17,#258de9,rhernandez73@census.gov,3568311804493541,Other
9cd1fdcd-1a1b-4d66-9971-92c77ecc0770,Carl,Baker,1936-11-30,#78a6e4,cbaker74@hatena.ne.jp,,
3153cf24-5215-4fbe-8565-2e68139dd0d1,Carl,Allen,1948-03-01,#bdf3e6,callen75@nymag.com,337941926201806,Discover
82b0e043-182f-4c19-99c1-2fb9eb11ecb5,Susan,Foster,1942-06-20,#2d8e89,sfoster76@comsenz.com,5602255220167547565,American Express
f668e86d-ecf7-4345-b1d8-b2b1ffb51b84,Russell,Moore,1997-07-16,#282b83,rmoore77@ameblo.jp,4405677792154286,Other
377be7fc-5779-4a2a-8e3a-4b8db8ac98fa,Michael,Lane,1967-11-17,#978ed4,mlane78@mapy.cz,,
7a26fc9b-9daa-4587-80d1-ff44b65e7781,Gary,Castillo,1999-08-27,#395b17,gcastillo79@timesonline.co.uk,4194952481924,Other
88904d64-0c39-49a7-b1cb-879f051d2ccc,Judith,Bradley,1999-04-10,#2634e0,jbradley7a@msu.edu,372301963933207,Visa
77ee25b9-58f0-40ee-943b-834da6b71c8d,Jennifer,Bennett,1924-12-19,#8141e8,jbennett7b@nifty.com,490505083474155990,Visa
d425ea5c-bb35-403f-900a-c39665d24055,Bonnie,Ellis,1995-01-19,#596b92,bellis7c@mapquest.com,6709734643947844,American Express
cd586a18-23e9-46e9-b806-da1785d4cf19,Maria,Gutierrez,1913-10-20,#77287f,mgutierrez7d@yellowpages.com,3587124003984724,MasterCard
174eae7e-2bab-4c56-879c-4de3bb403363,Anthony,Hansen,1919-08-21,#1f8c55,ahansen7e@fema.gov,,
858f8ac0-a7db-4a56-8418-be63459c4276,Billy,Crawford,1971-01-31,#a06d20,bcrawford7f@ibm.com,3578030866109583,Visa
a6a0fac1-415e-474a-a96f-fa7a83f22730,Maria,Ramos,1953-07-20,#066662,mramos7g@vistaprint.com,3532869033097923,MasterCard
5487b961-2f7f-4cad-a385-7f01ad303cd0,Margaret,Payne,1920-06-18,#29136a,mpayne7h@shutterfly.com,3544052395501198,Discover
4b3945f3-e43a-420b-8e43-8cc287337f93,Ann,Hart,1942-03-31,#de7894,ahart7i@mtv.com,67713081139707274,MasterCard
f505c212-a7bc-43a7-89f8-585e10b25450,Cynthia,Robertson,1914-07-02,#c2045e,crobertson7j@cisco.com,,
38df1969-a009-45c4-a635-8acae7e35b7b,Harold,Riley,2000-08-03,#8d77e8,hriley7k@upenn.edu,3564914728040936,American Express
6233e269-7bcb-4e95-aca6-d0effeeb6ad3,Carol,Jackson,2005-02-18,#d5b866,,,
f36ad1ea-3d2b-46ee-ac17-0f6773ccdaff,Steve,Ross,1921-09-02,#edee10,sross7m@reddit.com,,
895f8915-4b8b-47b6-9b87-8d2a363f760d,Fred,Willis,1933-01-07,#e937ee,fwillis7n@people.com.cn,3534860686279056,Other
3a4916a7-9350-41d1-9453-b4dec2989108,Victor,Bishop,1957-06-05,#2e2342,vbishop7o@squidoo.com,3531404198003440,American Express
a525abc5-a1b7-435d-b60e-e58b41233ce6,Judy,Schmidt,1993-09-08,#102a3e,jschmidt7p@stumbleupon.com,3531587172166421,Other
aa6fcda0-3770-409e-8b44-2bfaa7c35a58,Bobby,Robinson,1949-08-29,#39e758,brobinson7q@aboutads.info,3546104644807419,Other
cac5b288-a6c9-4796-b5ce-b423ad3ba7a7,Ronald,Anderson,1947-12-31,#75193c,randerson7r@ebay.co.uk,6387331305910019,Discover
8c4ec7ca-8262-4ca9-be53-6274a5b4aeca,Jeffrey,Greene,1936-09-22,#d7b9b1,jgreene7s@weebly.com,374631886178193,MasterCard
85de4695-fb66-4aad-a35f-3fab434d1adc,David,Wagner,1959-10-15,#af32b4,dwagner7t@psu.edu,3564296445559053,MasterCard
42799c54-f107-465d-b247-582b38932b6d,Ryan,Mccoy,1966-10-26,#0e867d,rmccoy7u@nymag.com,3586168479668130,Visa
aeb5977a-ea31-49ba-a5cf-ea8ca7130053,Christopher,Hansen,1984-06-20,#aa2101,chansen7v@europa.eu,,
03d89d73-086d-4325-ac6a-abc422727ceb,Brenda,Larson,1955-02-01,#f8a6b0,blarson7w@list-manage.com,4761614431479,Discover
e9bb136b-4b96-47d2-895f-2e5382b53b41,Doris,Frazier,1913-04-26,#ea85a8,dfrazier7x@unicef.org,3540897970287496,MasterCard
9c837517-87f6-4214-a020-2b9930519510,Patrick,Fisher,1994-05-21,#b8460d,pfisher7y@creativecommons.org,3574248858066199,American Express
92df2259-4ce3-410d-9ae4-c9c0479fd31b,Jacqueline,Hughes,1923-12-23,#2a49e2,jhughes7z@webs.com,201537035870003,American Express
b4600de3-8abf-472c-8a90-5ae660ac18de,Mary,Grant,1926-09-29,#9a78c1,mgrant80@phoca.cz,3566400434086221,Other
f2b7fb99-1a7a-4fde-94b1-c0fcfb100a87,Theresa,Taylor,1967-06-28,#543f2f,ttaylor81@blogspot.com,,
f7def97c-8728-42ca-92fa-ec3bd1d3c2e1,Juan,Gonzales,1911-03-28,#f46fbe,jgonzales82@zdnet.com,,
32098edc-2a13-4327-a857-c4d6d28483d9,Carlos,Johnson,2000-07-30,#7687f1,cjohnson83@last.fm,,
0ae7f52f-dc2c-4bb5-a58e-40b05ab3357e,Jacqueline,Harper,1949-05-08,#f941e2,jharper84@t.co,4026584264979761,MasterCard
6d1c8b2c-f91d-4762-ad68-029ce142b3c1,Denise,Clark,1958-08-17,#805187,dclark85@businesswire.com,4405370793244021,Visa
613e707c-ef95-4fcf-87d6-c397d37a6327,Alice,Woods,2010-04-26,#eb0cf6,,,
124e0460-8ab8-430c-8476-8d3faeadf4e3,Henry,Dean,2008-08-17,#02784c,,,
bc5e7450-eef1-49af-bfac-01c3a9a174c4,Michael,Peterson,2003-10-16,#37ce02,mpeterson88@merriam-webster.com,3554212099322468,Discover
93ea4476-3d4e-4ce7-92b2-0cd33b723ee6,Sarah,Ramirez,1922-12-26,#c69285,sramirez89@gmpg.org,372301667357885,American Express
bd869210-4cbe-438c-8097-d116e71ef1fc,Doris,Cooper,1968-01-03,#256aa8,dcooper8a@google.co.jp,3571898851843524,Other
23ae3171-c514-4489-9148-cba8a0690113,Brian,White,1975-02-24,#26e159,bwhite8b@4shared.com,5002356353269833,MasterCard
067ac7f9-9dfd-4d92-adcf-c0ced39ae8e1,Jean,Garrett,1922-11-11,#84084e,jgarrett8c@unblog.fr,374288710982637,MasterCard
64680acc-5089-4b68-b9ae-52be0a758206,Alice,Cruz,1925-08-29,#36ce89,acruz8d@yellowbook.com,50387813879943573,Discover
83f16f7f-3a14-495e-bb85-d73356934e2f,Marie,Sims,1995-07-02,#d8cdd4,msims8e@sina.com.cn,,
70812a9c-16b8-4d99-b0f5-aee4afd2147c,Anne,Jacobs,1932-05-04,#b88afc,ajacobs8f@wikipedia.org,5038327752240731,MasterCard
ea9a1c83-fb96-4151-a114-5e3e15e38818,Virginia,Campbell,2003-01-17,#ae2042,vcampbell8g@comsenz.com,3587850250371948,Discover
dbcac28e-303e-4b9f-bc1d-117d92c87d82,Carlos,Knight,1960-06-12,#9d136a,cknight8h@google.com.br,5100172196792613,Other
067ae66c-43d5-49af-8280-c960297fdca2,Debra,Fisher,1976-07-28,#22b041,dfisher8i@slideshare.net,,
29a7a761-8408-42b1-a34d-74d34139ab33,Sharon,Turner,1917-05-12,#fadc68,sturner8j@de.vu,,
90928516-cd86-4f6f-b7b4-b0d869716160,Dorothy,Fowler,1953-06-30,#94dc2a,dfowler8k@blinklist.com,5602257008605443,American Express
6e4d079c-8f63-48d1-b029-5804e50f80d9,Rebecca,Walker,2006-05-01,#93c805,,,
46ac0b12-c1c5-4460-8ab5-0958c856f7c2,Sean,Ross,1991-06-01,#1b99d3,sross8m@moonfruit.com,30521028154085,Other
e16d9481-ee0a-49c1-abf2-451c55ae7291,Kathryn,Reynolds,1959-05-05,#34f035,kreynolds8n@bloomberg.com,3549449190530064,MasterCard
dff30c84-4e9d-492c-92e3-3c174ae0e2d6,Steven,Chavez,2001-07-20,#f3aa52,schavez8o@ebay.co.uk,3547238529271991,Discover
bec2a260-b219-453b-ac52-4c0a23226648,Anthony,White,2010-07-18,#7a2a33,,,
b2b6c6bb-1a46-46a6-b593-fdaf5195895f,Jeffrey,Franklin,1996-11-09,#7de894,jfranklin8q@51.la,,
7ad1e1c2-6a5d-42dc-8858-5427abc14d38,Deborah,Cox,1916-01-10,#629b26,dcox8r@exblog.jp,,
0dea684d-5551-4621-b20f-fd1029170c9e,Sandra,Morales,1941-09-02,#41f88e,smorales8s@ucoz.com,,
5df7bb39-00b8-459d-afea-08772cbeb0a6,Aaron,Mason,2003-12-15,#22bbeb,amason8t@timesonline.co.uk,3529503078474599,Other
c863dda6-aff6-470c-8975-2d401564653f,Victor,Stone,1986-03-22,#dc2c66,vstone8u@umn.edu,,
d948afb3-36af-4b22-9ed8-3bc86c8e65cc,Margaret,Shaw,1953-10-19,#33e96d,mshaw8v@networksolutions.com,3572677962819295,MasterCard
d9d456e2-7899-4f02-abfe-7d7a1c46dc0f,Gregory,Shaw,2000-08-11,#bff943,gshaw8w@shinystat.com,4041375735931171,Visa
5d5962f9-47e0-46e9-a7e7-4a449a73f619,Robert,Henry,1948-06-22,#69613e,rhenry8x@furl.net,3530448721111403,Other
cb417d31-6725-4055-9aa5-fb80e8ef4ef2,Kimberly,Gray,1964-05-12,#7b926d,kgray8y@vkontakte.ru,3569058814027491,Visa
37f22313-2c99-4589-bb7b-9d28767a1c60,Steve,Diaz,1984-07-15,#b10d09,sdiaz8z@bandcamp.com,4844496293229672,Other
f523745a-d883-4b2c-b7a7-3d07fbb6bbc8,Bonnie,Arnold,1914-03-16,#844f39,barnold90@va.gov,,
78270d9f-feb3-46ca-b67e-6a524237575e,Gregory,Jones,1961-07-26,#1998cf,gjones91@ezinearticles.com,3533330142170357,Visa
27b74f53-def7-4ece-93a8-b76cee1fba18,Nicole,Meyer,1917-10-30,#414f8b,nmeyer92@shinystat.com,5573398771166521,Visa
80308f38-1f36-4759-b759-8ff8f01c0e05,Irene,Gilbert,2010-09-27,#7298a6,,,
a3064c71-4e54-48eb-9429-54d2e11514c3,Todd,Riley,1959-12-26,#dbf229,triley94@netscape.com,6759468504754234988,Visa
5a2824e3-e6c4-4ecf-861c-a48fde0e2b83,Samuel,Ramos,1975-11-27,#c5c582,sramos95@nifty.com,349727693540203,MasterCard
dace8fde-6113-4217-9c7e-88b1fd2ec6f8,Tina,Ruiz,1917-01-29,#a5e4b6,truiz96@buzzfeed.com,3589276882794877,MasterCard
fb034782-360d-4c35-b200-79394e9addf2,Earl,Perez,1910-05-22,#1fe21c,eperez97@ted.com,560225177848646558,Visa
cb4c7302-ebac-4a55-9724-7ea5eddb63b2,Larry,Edwards,2005-01-16,#e666c5,,,
33821f44-0dd3-4d3a-a669-0dc147803b7c,Norma,Knight,1958-11-09,#ad08bd,nknight99@reuters.com,,
1dba58a0-9dfe-496e-a0c1-cbda37787acb,Walter,Bishop,1953-11-01,#62a0b6,wbishop9a@fc2.com,3582908156451761,American Express
8a52165a-c6e9-4a5c-993e-b0d68188d814,Brian,Ellis,1943-07-16,#5c4cbc,bellis9b@bandcamp.com,349500557511002,Discover
c0ee5a55-5fc7-4a8f-a80e-51ee08b5683c,Larry,Wallace,1995-01-26,#b954ea,lwallace9c@nydailynews.com,3557840096036124,Visa
62ce67c5-408a-429a-9089-26c7c76cb2e1,Mark,Ruiz,1912-10-14,#7d4852,mruiz9d@yandex.ru,,
5964f9d9-4380-43e9-93c8-0516908d9ff6,Stephen,Ford,1963-03-27,#544080,sford9e@techcrunch.com,491104877426981400,Other
3db9ec23-7ff8-44cd-8344-1d9eaf6a7bf0,Peter,Hayes,1937-01-26,#c3d670,phayes9f@zdnet.com,,
65b35cea-801d-4c3b-b66c-5eb2fa26c3c0,Ralph,Ferguson,1926-08-11,#c2a761,rferguson9g@lycos.com,4026419103846691,American Express
6aa5114b-e66d-40f6-acd0-30098fe85527,Douglas,Allen,1940-10-28,#ef3167,dallen9h@seesaa.net,3558023784916605,Discover
3fa0fda5-ff66-49d2-b64b-4eb299c88f6c,Rose,Lawson,1963-08-25,#3da871,rlawson9i@yahoo.co.jp,3549036505918652,American Express
b522fade-46e4-4eb8-8105-35fa0b5fac8e,Howard,Lawrence,1932-05-29,#4e0e80,hlawrence9j@xrea.com,6370278732418935,American Express
0ebb5907-7a22-425b-803c-48dd50b6b888,Jeremy,Banks,1915-08-06,#fe112a,jbanks9k@yelp.com,3567639892178223,MasterCard
2f59fd84-3348-499d-8fff-d051e8cbf16d,Joe,Carter,1996-11-02,#b915fc,jcarter9l@amazon.co.uk,340843743714109,Visa
c2b11cb3-aab5-49be-bbb1-f6d96c240cff,Johnny,Perkins,1942-05-29,#50d495,jperkins9m@weebly.com,,
9fe1e7c7-4139-49d2-8458-7c0dfde77f1e,Norma,Fields,1967-03-25,#17acd6,nfields9n@naver.com,5602231406161492275,American Express
ca300129-11d8-4eb4-a349-a4c4569a667d,Aaron,Lane,2008-09-05,#f8e618,,,
8d2e6410-dd99-40df-8f33-d0a030a7d964,Denise,Bradley,1984-10-08,#2f69fe,dbradley9p@wiley.com,5100135636863245,Visa
da2176f4-83bb-4d7f-b50c-c62e50026eab,Amanda,Price,1976-05-25,#af3503,aprice9q@wikipedia.org,3540990654585168,MasterCard
ba474e75-4ae9-44dd-9f31-8b07988aeccd,James,Mccoy,1946-09-28,#793c90,jmccoy9r@vimeo.com,3562732872765617,Visa
94fbf84f-7143-4ab7-a0fa-af75aa127885,Willie,Ruiz,1979-06-02,#2629c7,wruiz9s@w3.org,3571754760466032,MasterCard
fb0d1d6b-8678-496c-89a2-9868e6be62f4,Joseph,Greene,1938-01-16,#ae1059,jgreene9t@loc.gov,6334006234358119390,Other
d974882a-b830-4a7e-a0d6-e419fb72f3dc,Howard,Lawson,1964-01-15,#5815c3,hlawson9u@woothemes.com,3533212762608959,Other
0d6fed29-74b7-492c-8369-49a914b0fa9d,Emily,Peters,1984-03-12,#c11e4e,epeters9v@uiuc.edu,3550205317964107,Discover
a179f34b-8666-4ca5-9508-42386f98088a,Beverly,Foster,1911-07-04,#6d018e,bfoster9w@scribd.com,5108752034180790,American Express
d428667d-8193-4a31-8cee-fff174025df9,Jeffrey,Kelley,1997-06-16,#a8d150,jkelley9x@joomla.org,3574437778579817,American Express
6c0a9753-8899-4423-b408-2718c70d5637,Amanda,Owens,1953-03-21,#e6158c,aowens9y@examiner.com,5610290615268263,Other
7b9de4aa-d0ee-4a04-945b-ecbad8802fb0,Teresa,Webb,1980-08-17,#c80a87,twebb9z@mit.edu,675962331471494488,Discover
9d856559-25eb-404b-a674-43623623fcf6,George,Jones,1942-02-19,#410a8c,gjonesa0@china.com.cn,,
c68a9ebb-5c7b-46ce-94a4-7eb7c86a8d34,Ruth,Miller,1973-07-24,#6c48ec,rmillera1@posterous.com,6393464916961014,Other
d0af3fb5-4f06-4378-aff4-79b1dbcc50e7,William,Harvey,1964-04-06,#d667e4,wharveya2@joomla.org,3585015430181086,MasterCard
954a8d89-ad06-45ad-bda9-7e1a6b7a815a,Gary,Edwards,1926-10-14,#80eea3,gedwardsa3@furl.net,6767343163061090,American Express
66e2c9e5-31fa-4873-b9fc-999307fb4832,Joshua,Harvey,1980-08-05,#7d4d61,jharveya4@google.ca,3548693611049151,Discover
5cfe47cd-6081-4024-9fe1-06e9ece9e154,Charles,Martin,1973-05-14,#096c16,cmartina5@qq.com,,
2b15f112-ce52-4286-9bf9-03ff55660190,Robin,Lawrence,1960-07-21,#969424,rlawrencea6@abc.net.au,633389374154096794,MasterCard
c860f3c5-da51-4cd5-a9c7-2b74862d277a,Kevin,Lynch,1977-11-19,#3d68f2,klyncha7@globo.com,,
8eb32419-9a06-4e03-bbab-06602c05ceda,Raymond,Young,1946-03-05,#a61130,ryounga8@woothemes.com,3552970039116330,American Express
f9862e9c-3551-44a6-a946-ccc566a104af,Phillip,Tucker,1960-07-28,#582064,ptuckera9@patch.com,30433403077040,Other
25dc01ce-ef70-480d-89b5-3f915a66db74,Maria,Garrett,1994-07-26,#d1fcc4,mgarrettaa@uol.com.br,,
3cde8954-b453-40b8-8080-89af4caaf8d3,Anne,Hicks,1948-02-18,#bc2039,ahicksab@joomla.org,349923855533025,Discover
f2e358c5-0e80-4c6d-9553-d6f143ba87ce,Ernest,Ray,2004-07-19,#aab798,,,
a5b7a3d0-d9e1-4ba2-8f0c-243773d31de7,Walter,Parker,1989-12-15,#86543c,wparkerad@omniture.com,,
5c273dac-98e3-4964-8786-740f84d83907,Ruth,Diaz,1972-10-22,#4350cb,rdiazae@howstuffworks.com,5038710781649311017,Discover
f9b1ce14-692b-4dd8-b0c5-7a11dce4a715,Justin,Crawford,1979-04-28,#a0c745,jcrawfordaf@cafepress.com,67067884546646148,American Express
3fbdb1fd-dfca-4b1a-881b-f11a9660cb69,Wanda,Schmidt,1933-08-22,#48972e,wschmidtag@smugmug.com,3570189143923899,Other
4fe2cfe6-a5dc-462a-8a55-7ab7b4a8f970,Antonio,Green,2000-06-22,#1de605,agreenah@typepad.com,3558338081634093,Other
135d947e-fb63-459b-b487-f57d8c9e5ee1,Bonnie,Chavez,2009-05-10,#970f1b,,,
b69a496e-1f33-4b9e-8af9-b61012e421bf,Christopher,Walker,1991-01-02,#9a0523,cwalkeraj@unicef.org,3568153626078690,MasterCard
baba235a-8fea-4644-8c9f-992dbd13caf0,Donna,Harvey,1923-05-02,#e7ccb3,dharveyak@stumbleupon.com,501857572699452537,Other
c04a912d-48c1-4493-8a50-afc5a6451c9a,Christine,Warren,1974-06-30,#a05f47,cwarrenal@gov.uk,3549351217655603,Visa
80f50610-2acb-4f9e-ba12-8c50f33e4c40,Kelly,Mills,1910-10-23,#07cf56,kmillsam@tuttocitta.it,560225637207225153,Other
626bd298-b698-4d1b-85e4-296a200c9560,Anna,Owens,1991-01-27,#29d19d,aowensan@amazon.de,,
b1b327b7-aca3-4d00-95f7-1b4036d664a7,Heather,Lee,1932-11-17,#00c4b9,hleeao@baidu.com,3579154897511853,Other
0f85420c-85c1-46bc-a787-dd7526c30e76,Eric,Ramirez,1983-01-25,#6e31cc,eramirezap@accuweather.com,3560417651195598,Visa
b487bf10-789d-4617-ba0c-778a21f16aff,Dennis,Hunt,1924-10-17,#aee552,dhuntaq@msu.edu,3555331074138449,MasterCard
dd1ba3d2-545e-4dce-b845-1e7484bc5e7b,Jose,Frazier,1988-08-18,#28fa16,jfrazierar@salon.com,3585730656652582,Visa
301b32c3-cab6-4057-9f92-423674c06e39,Phyllis,Wright,1978-02-09,#de2746,pwrightas@pen.io,3550895954947637,MasterCard
e10920c7-c950-4d43-976b-292bd07d8b26,Antonio,Evans,1923-03-19,#e14e65,aevansat@dell.com,4175001263502469,Discover
4fd54ce3-7a3c-4e0f-9c9a-def45ebcea3d,Beverly,Hall,1911-08-26,#773821,bhallau@businessweek.com,3538431648884841,American Express
1bd2c356-7dd6-4630-9a7f-82712de0430d,Roy,Davis,2003-05-12,#71fb81,rdavisav@indiatimes.com,,
f374b862-254a-4824-b6f4-c63e5941859a,Robin,Griffin,1992-09-20,#b01384,rgriffinaw@hibu.com,,
d2eac6cf-59cf-4fe8-9446-b8aadc31acd9,Benjamin,Anderson,1961-11-25,#57c9d9,bandersonax@lycos.com,3541414178526342,American Express
e35dd2a3-3501-4d8a-a01b-ba3fe2a4129c,Gerald,Wilson,1949-09-17,#bd96a7,gwilsonay@sitemeter.com,6304878305690296225,MasterCard
af2aaa86-7d6e-4f5c-aa50-80a79e38090b,Terry,Jones,1968-06-15,#12d6dd,tjonesaz@bizjournals.com,56104597840293460,American Express
30399295-806d-4a41-ba1d-525816e05573,Diane,Fernandez,1966-09-18,#3bf773,dfernandezb0@goo.ne.jp,,
51fb1b27-9c15-48a1-8c54-b24d9b862281,Amy,Hernandez,1981-08-18,#0e701f,ahernandezb1@addtoany.com,,
92800c8b-b296-4bb1-a31a-312e987204b1,Frances,Morgan,1987-12-30,#475651,fmorganb2@g.co,3579603700474733,Other
a51c00c8-abfb-4bfd-9f0e-3b7c4f101f0e,Samuel,Bennett,2001-08-11,#f19792,sbennettb3@paginegialle.it,50381289398756703,Other
1108cb46-71ce-497b-a7b6-b9d633f08e07,Phyllis,Lee,1958-11-06,#f895e5,pleeb4@slideshare.net,,
767fbce0-6f4b-4f7e-b3fd-b183cf3e90c9,Douglas,Torres,1929-03-09,#291d76,dtorresb5@amazon.co.uk,5602226475396042,MasterCard
1c657af6-ef31-4b78-b2c0-393a2afd25b2,Carl,Hernandez,2008-03-15,#8e2f9a,,,
54f875c7-e9b9-4f46-bed5-119415bb660f,Juan,Hill,1943-11-26,#1c0c6e,jhillb7@buzzfeed.com,3564287410268341,American Express
7d85d8c0-d6e0-466c-8b6c-00a047042da9,Terry,Lawson,1983-03-14,#dc6a51,tlawsonb8@fc2.com,,
9b59d009-ee45-487e-9d46-e0fb8c9f715b,Carol,Willis,1985-01-21,#5e0888,cwillisb9@wordpress.com,3550479480584642,Visa
34684fe2-56ef-445c-bd34-46d070100580,Daniel,Gilbert,1960-10-25,#6bd951,dgilbertba@soundcloud.com,3552301706231527,MasterCard
e9775a58-0c7c-447a-8d48-a3183f582529,Teresa,Chavez,1919-09-24,#fd896f,tchavezbb@economist.com,3562244007490087,Discover
dd41c475-66e5-4548-a8d2-3aef267de336,Diane,Wright,1994-01-19,#638ad8,dwrightbc@princeton.edu,30329806074651,Discover
63442d4a-1303-46a3-9942-572f8dce061a,Victor,Sullivan,1916-03-21,#659275,vsullivanbd@csmonitor.com,6763412687839014423,Discover
6c6bd489-a0c0-41c7-a9e4-70f75c50cff6,Susan,Lynch,1974-08-08,#af01e2,slynchbe@typepad.com,,
c13f1d57-a203-4525-8d74-846d98174559,Jean,Andrews,1978-09-20,#08d76d,jandrewsbf@virginia.edu,3532024111006582,MasterCard
194bbabf-5419-4fd6-a722-9c6ca265e439,Roy,Harris,1993-06-29,#e81cd4,rharrisbg@hp.com,4917235533167199,MasterCard
761b40f9-e3f5-4052-9df2-e9b4cf7d0cc7,Ruby,Bennett,2002-02-26,#c7c2f4,rbennettbh@360.cn,3533476491058519,Other
d610b11e-4a1d-479b-a320-09e0e9021b4e,Kelly,Gutierrez,1945-12-16,#c4bc92,kgutierrezbi@dailymail.co.uk,3547004344872995,Visa
4f00534d-56b1-4c8f-88fe-49c287d5f8c1,Craig,Reyes,1926-05-22,#cf2b2e,creyesbj@scribd.com,3553999934124353,Visa
570a5f25-bafb-4f5f-a6cc-34f7ee634745,Justin,Morrison,1983-03-07,#b5166d,jmorrisonbk@mail.ru,3528622462753862,Other
1a379273-4acd-4ec4-81d6-87d477732ea1,Chris,Turner,1990-12-08,#c00f8f,cturnerbl@ovh.net,3571436631428124,MasterCard
717ca602-a845-4837-9d06-c5ef533ad055,Gary,Scott,1997-03-10,#c92bdb,gscottbm@topsy.com,3566436552319697,MasterCard
a6fc1e75-3ddf-4356-af0d-4a812447a6df,Frank,Young,1956-10-13,#0a7971,fyoungbn@hexun.com,3574219610637635,American Express
f3eb37f2-6716-4c78-953b-e6b793fe8eaf,Mary,Campbell,1920-07-08,#386405,mcampbellbo@usgs.gov,67092437177814771,Discover
126742f7-e72b-4301-99e9-76c0559c72a6,Phillip,Gonzalez,1934-05-24,#65eb97,pgonzalezbp@slashdot.org,4508973039344889,Visa
b1f98797-0a7c-4f73-b25b-2f2ececa5941,Beverly,Berry,2003-02-07,#563781,bberrybq@cbsnews.com,3578842354528441,American Express
b314b1bb-f7b7-432f-a273-b299bcc732e0,Susan,Johnson,1941-03-26,#4c9638,sjohnsonbr@reverbnation.com,5602219170118951,Visa
98c2f0e0-1a18-4494-88c1-2227d2f57d14,Janice,Woods,1922-02-05,#4e6ecb,jwoodsbs@smugmug.com,670680824819401621,Visa
7dda0e66-7775-4ded-9b8d-be5f9722b089,Cynthia,Montgomery,1910-11-05,#882794,cmontgomerybt@phpbb.com,,
02e0b870-3214-43cc-8a22-7136b3e51899,Peter,Graham,1942-05-25,#eca6a0,pgrahambu@smh.com.au,5100179208422204,Visa
a681b4f6-568d-4d28-830a-83b0cbef5880,Justin,Alvarez,1967-06-27,#f1d5d1,jalvarezbv@chronoengine.com,,
868279d9-da9c-4dcc-8751-916151a3c6cd,Christina,Griffin,1936-03-29,#28a131,cgriffinbw@e-recht24.de,3556211940727717,MasterCard
b9fb3f5b-4efb-4484-965a-b19d78953fb1,Helen,Burke,1984-07-07,#cfdb4b,hburkebx@reuters.com,5108757138534305,MasterCard
ce8e4a95-1af2-47a7-8bfe-04bba5fc0bca,Kenneth,Watkins,1992-04-07,#47043d,kwatkinsby@guardian.co.uk,,
49075398-ff7e-4ca4-8881-c508ae2828c6,Albert,Crawford,1932-03-19,#98363b,acrawfordbz@google.it,30448808363902,Other
4ba57254-56d2-4cc2-bc55-6f75e490ffd9,Ruth,Rodriguez,1968-02-02,#0adca5,rrodriguezc0@princeton.edu,3577663384174902,Other
8e7932cd-0a11-4367-8298-a73721010e1a,Patrick,Brown,1947-02-18,#bf0e04,pbrownc1@unicef.org,,
409e6b27-e1cc-40a6-8661-9f460ecfe104,Rachel,Flores,1985-05-06,#271a96,rfloresc2@ebay.co.uk,3566118165890914,Visa
79481520-b76e-4b23-94bd-66178ba030de,Tammy,Burns,1999-03-21,#f6d71f,tburnsc3@phpbb.com,3553177161795183,Discover
1929f70d-71b3-4fbf-8a82-23ec36f23856,James,Montgomery,1942-04-13,#602d02,jmontgomeryc4@mapy.cz,5602233509396201524,MasterCard
dbed23c8-532c-4196-9061-c8531ca1f266,Roger,Lewis,1958-10-05,#a67cb9,rlewisc5@macromedia.com,4917002847704244,Other
8d9b9967-ffdd-41f9-9483-7cab040d1cb0,Margaret,Martinez,1992-11-08,#a6b542,mmartinezc6@linkedin.com,5602211946967621,Other
93f8e965-a030-4dfb-9806-38655419fec0,John,Baker,1944-10-05,#7e5810,jbakerc7@wix.com,3537742346079125,MasterCard
e647a2c2-e4bb-4abc-9fd7-fa5e2ea3e934,Donald,Warren,1982-03-06,#7daf89,dwarrenc8@economist.com,374283388778003,Visa
03d90816-0df2-4f21-904c-44ba4efb467f,Frances,Warren,1975-03-30,#68670d,fwarrenc9@woothemes.com,,
e53978e2-29a9-4e21-8c8a-7eefa4fa94c8,Larry,Daniels,1990-01-06,#fc4f49,ldanielsca@google.es,3567763492231008,Visa
03b89678-af3e-49bf-bfc1-9be2386a7a72,Michelle,Martin,1980-03-19,#3832e4,mmartincb@bloglines.com,3577215031499354,American Express
0d4fa577-b108-4cf1-b5bf-3e3fa33e3618,Jeremy,Baker,1970-12-02,#7baf3a,jbakercc@pcworld.com,,
8583b874-db47-4c32-a5b0-91d7008c1cd6,Samuel,Miller,1987-01-19,#e4ddd3,smillercd@myspace.com,6762760040642715283,MasterCard
132c9a18-db4c-4819-9bb1-edf0ee660a42,Carlos,Powell,1981-03-17,#f360d2,cpowellce@google.es,,
53f48f80-e09c-4c34-842e-ac965bbba5d6,Eugene,Willis,1959-05-03,#c3405c,ewilliscf@mac.com,,
2e556534-9f7f-4c69-b0a6-095da74c9cfc,Susan,Wallace,1910-07-04,#5e1331,swallacecg@creativecommons.org,3530164586610211,Visa
f878c7f2-6e34-45e3-9270-7acd16a4a1d3,Patricia,Cook,1930-02-16,#3592f4,pcookch@imgur.com,,
d580dc71-6c29-465a-bd23-fc875bb43b6e,Joan,Morgan,1999-09-24,#709a61,jmorganci@wired.com,3571827884032995,American Express
9a5940c3-4fbf-4b73-a0f8-26eba2208129,Louise,Hunter,1970-09-28,#9e7b0e,lhuntercj@flavors.me,5432928032922501,Other
4a45efe1-9388-473c-af70-f41e3158b252,Wayne,Lopez,1918-02-05,#4cda84,wlopezck@list-manage.com,490305586076266710,Discover
62684852-e7c6-4563-8a04-b03f1fea6239,Marilyn,Olson,1999-04-20,#87caed,molsoncl@barnesandnoble.com,6371517040822893,MasterCard
85613c56-993e-4552-a135-bb3c777a4ed1,Janice,Greene,1987-08-14,#4cdccc,jgreenecm@mit.edu,4911870573830425,Discover
abb7b8c4-44d8-4bd5-b1b5-469edc408f87,Ruby,Cooper,1934-01-25,#7b94d5,rcoopercn@answers.com,201569353731202,Visa
64c62041-1abb-4cf3-81c0-69706f64fa60,Nancy,Shaw,1953-11-24,#51cbb5,nshawco@ovh.net,3573971546269443,American Express
2c0c2373-403b-42b6-917b-3097cfc0ed38,Susan,Hansen,1972-04-09,#9ec92c,shansencp@comcast.net,56022279987017106,Discover
da3a2418-63b9-4f60-bf1c-1fda9b2cc410,Chris,Wilson,2003-11-10,#6109a7,cwilsoncq@hugedomains.com,201608815692097,Other
d50e5529-7549-4283-b686-b8d262b3db35,Louise,Foster,1987-07-29,#414131,lfostercr@cocolog-nifty.com,,
a7f8e459-ea3d-46b1-a4fd-924e0b287285,Donald,Lynch,1998-09-12,#a743c5,dlynchcs@jimdo.com,5100135995062264,Discover
21f464de-facf-4866-b1ba-ee00f7c0b7b1,Helen,Diaz,1997-09-19,#bbaa68,hdiazct@noaa.gov,,
49640e2c-cda1-4631-a01a-46724f148ed8,Sandra,Gordon,1911-05-09,#e0ad4f,sgordoncu@ifeng.com,6759957839456882033,MasterCard
e24b014a-a29a-4163-84b5-de6d556c64cc,Janet,Walker,1987-12-03,#78beb6,jwalkercv@sohu.com,677179311456709303,Discover
288a1f63-a0e3-438b-8c14-f6ac453eb7f8,Julie,Perez,1969-06-01,#350454,jperezcw@wikispaces.com,,
afbd2c29-e160-4bbf-8501-c5098bce78d9,Douglas,Willis,2005-12-28,#12e345,,,
5674a009-290d-42d4-bcc4-d9960ca641e9,Teresa,Edwards,1926-08-20,#ea5781,tedwardscy@yelp.com,3552595644467982,Other
b0bd5082-f774-4627-975e-6969b88fa0ae,William,Alexander,1964-05-02,#71c790,walexandercz@narod.ru,4917317156135883,Visa
914e05f5-faa3-4c9e-8a2e-15282c58dc15,Juan,Carr,1937-03-01,#5b67ca,jcarrd0@icq.com,,
8a0e9abe-86ea-4800-a22c-89e2af4ff303,Michelle,Morales,1998-10-11,#563d03,mmoralesd1@godaddy.com,490552819866499104,American Express
c279f4f4-5e32-4b61-a048-2068f8306fd8,Lillian,Diaz,1970-11-13,#2b0a59,ldiazd2@japanpost.jp,,
f380bd5a-3621-4561-a082-51261c89aabb,Frank,Ramirez,1921-11-08,#6c274c,framirezd3@i2i.jp,,
07db1074-43e2-4de9-91fb-a86137dec0fa,Paul,Jackson,1972-04-17,#1e8307,pjacksond4@shutterfly.com,5602251736089343,Discover
c7853832-a2c6-4d16-868d-5ef8d65ce806,Fred,Lawson,2008-09-05,#dc8fcc,,,
671011c5-1df2-461e-8782-78945f82975b,Joseph,Reyes,1911-07-27,#927632,jreyesd6@wp.com,3563558438000192,Visa
d6b66715-c7f6-4541-aea9-ffe83c0979f4,Marie,Evans,1980-06-25,#9b6e27,mevansd7@dot.gov,560222157019090268,Other
60603fd4-64ca-421d-94bc-cd4ccc1f796d,Kathryn,Howell,1951-11-12,#4b78e4,khowelld8@bloglovin.com,6304231825833695852,Other
c0dcb778-9446-4ccf-9b71-ff2bb234a849,Cheryl,Hernandez,1932-01-18,#b36081,chernandezd9@amazon.de,4911451606736180979,Other
a439dfdc-c88a-4f29-b85e-967dd0512888,Judy,Diaz,1933-04-04,#16b22f,jdiazda@noaa.gov,5602246025386392,Discover
98e34c37-6344-4006-8270-05645bf8c31c,Paula,Campbell,1943-06-04,#a39a7f,pcampbelldb@constantcontact.com,374288378585136,American Express
05831b73-7a44-4438-af05-40ce3270b3d7,Katherine,Stevens,1996-06-21,#4284c1,kstevensdc@meetup.com,3532472334766450,American Express
2c4b5f79-bd9b-4212-846e-c950587c9de4,Lois,Alexander,1949-12-15,#9c6bf2,lalexanderdd@scribd.com,,
93ad7386-7832-43c5-a94d-f2345ddd04f6,Robert,Morales,1977-12-17,#b0ceec,rmoralesde@smugmug.com,5100139095643833,American Express
7a0e83f2-a81f-408b-9d28-9d705bad1164,Cheryl,Payne,1991-02-10,#7cce42,cpaynedf@about.com,,
1200140a-63e2-4d0c-962f-8a9e07596684,Ronald,Ramirez,1958-03-17,#01b255,rramirezdg@blogs.com,,
6741184c-ad99-4396-be5c-47dac67ed642,Harry,Larson,1915-04-11,#054182,hlarsondh@miitbeian.gov.cn,3544799831161397,American Express
de861d0e-bc6f-48e6-9db3-696e5e48adb5,Michael,Daniels,1937-06-15,#6b71fa,mdanielsdi@diigo.com,676140337103392928,Visa
5ef7f6a5-5f80-4b35-a0c3-bb6ac69bce97,Timothy,Burton,1964-06-01,#a90722,tburtondj@histats.com,,
c5f559ee-00ad-4fcc-b3ea-7ed718016114,Donna,Nichols,1989-01-31,#0cda40,dnicholsdk@admin.ch,,
37273bab-41d4-490f-b0d4-d2cf5b9d2aae,Fred,Castillo,1950-08-23,#85e844,fcastillodl@si.edu,36296139078150,Discover
7aa238d7-a56a-402d-9169-993e054d73cc,Sharon,Anderson,1986-07-22,#87f699,sandersondm@ameblo.jp,341699010153267,American Express
c1c44c55-4c71-4cf7-960e-af197a37c506,Kelly,Green,1976-04-08,#774f3f,kgreendn@vkontakte.ru,,
830f4f69-6858-43b5-a9c8-b412754e207d,Michelle,Cole,1971-11-07,#43d66f,mcoledo@ihg.com,3531284811656182,Discover
1ae90b65-4241-48aa-bcaf-aeeac088f662,Pamela,Garcia,2010-08-10,#f88aeb,,,
909b56d4-25e2-49ea-a7a1-5e13383a916c,Jack,Morales,1939-06-04,#082b65,jmoralesdq@aol.com,4405056840046580,Other
52e8f637-3414-47ad-b21c-43337acce1cd,David,Carr,1910-12-24,#139993,dcarrdr@digg.com,5100130558144062,American Express
54e1edfa-d98d-4aaa-8593-a3e30a0f3e4f,Evelyn,Hunter,1917-02-12,#123a7b,ehunterds@earthlink.net,3567062067762400,Visa
f64b6a6b-96dc-44a6-a522-eaf36dec137d,Ernest,Jones,1955-09-03,#995b8c,ejonesdt@boston.com,4936069529649658769,Discover
169821c9-d7f4-4ee0-aa33-1bce8fe38d1c,Rachel,Harvey,1967-12-08,#3892c7,rharveydu@storify.com,3560849589159066,MasterCard
1dbff83d-3090-41ba-878e-1ca31ab6e27e,Rose,Phillips,1919-07-16,#403946,rphillipsdv@pen.io,3553393076012073,Other